{"massimo": [285.8119658119658, 223.2967032967033, 269.4017094017094, 164.6886446886447], "minimo": [-285.8119658119658, -223.2967032967033, -269.4017094017094, -164.6886446886447]}